Model,Accuracy,F1_Score,Precision,Recall
RandForrest,0.790625,0.8154269972451791,0.8043478260869565,0.8268156424581006
SVC,0.75,0.7687861271676301,0.7964071856287425,0.7430167597765364
DecTree,0.734375,0.7605633802816901,0.7670454545454546,0.7541899441340782
LogReg,0.7375,0.76,0.7777777777777778,0.7430167597765364
GradBoost,0.734375,0.7578347578347578,0.7732558139534884,0.7430167597765364
