Model,Accuracy,F1_Score,Precision,Recall,Confusion_Matrix,AUC_ROC
RandonForest,0.778125,0.8033240997229917,0.7967032967032966,0.8100558659217877,"[[104, 37], [34, 145]]",0.8673481516700345
