Model,Accuracy,F1_Score,Precision,Recall
RandForrest,0.796875,0.8209366391184573,0.8097826086956522,0.8324022346368715
SVC,0.75,0.7687861271676301,0.7964071856287425,0.7430167597765364
LogReg,0.7375,0.76,0.7777777777777778,0.7430167597765364
GradBoost,0.734375,0.7578347578347578,0.7732558139534884,0.7430167597765364
DecTree,0.73125,0.7570621468926554,0.7657142857142857,0.7486033519553073
